date,case,judge,atty_type,app_race,gun_case,nole,warrant,charge_type,class_1,charge_1,class_2,charge_2,charge_3,gun_license,violations,can_post,bond_amount,bond_type,condition_notes,condition,note,psa_nca,psa_fta,psa_flag
1/10/22,1,,,,1,0,0,6 - gun possession (prior record),X,AHC,3,UUW,Misd - domestic battery,Convicted of a felony,,,,No bond,EM House arrest,EM,"co-def, check score",1,1,0
1/10/22,3,,,,0,0,0,8 - other crimes against a person,X,Aggrevate domestic battery,2,Domestic violence involving stragulation,,,,500,10000,D,EM House arrest,EM,"co-def, check score",1,1,0
1/10/22,11,,,,1,0,0,"5 - gun possession (first time, AUUW class 4)",4,UUW,,,,,,0,10000,I,PT Supervision,PT,,1,1,0
1/19/22,4,Charles S. Beach II,Public,,0,0,0,"7 - property crimes (e.g. burglary, possession of a stolen motor vehicle)",X,Home invasion,,Misd. - Domestic battery,,,,,,No bond,,,,1,1,0
1/20/22,1,Charles S. Beach II,Public,,0,0,0,3 - drug possession (PCS),Unknown,PCS,,,,,VOBB,,,I,EM curfew,EM,,1,2,0
1/20/22,10,Charles S. Beach II,Public,,1,0,0,"5 - gun possession (first time, AUUW class 4)",4,UUW,,,,FOID no CCL,No background,500,,I,,,,1,1,0
2/20/22,27,Maryam Ahmad,Public,,0,0,0,"4 - drug sales (manufacture/delivery, PCS with intent)",3,Manufacture and delivery of cannabis,,Misd - Driving on a suspended license,,,,200,10000,D,PT Monitoring,PT,,1,1,0
5/15/22,8,,APD,Latino,1,0,0,"5 - gun possession (first time, AUUW class 4)",4,UUW,4,Reckless discharge,,,,200,5000,D,EM Unspecified,,,1,1,0
5/15/22,9,,APD,White,1,0,0,"5 - gun possession (first time, AUUW class 4)",4,UUW,,,,No FOID or CCL,,250,2500,D,,,,1,2,0
5/15/22,10,,APD,Latino,1,0,0,"5 - gun possession (first time, AUUW class 4)",4,UUW,Muni,Possession of a laser sight,,,,250,2500,D,EM Unspecified,,,1,2,0
5/15/22,11,,APD,Black,1,0,0,"5 - gun possession (first time, AUUW class 4)",4,UUW,Misd,Illegal transport of cannabis,,,,100,5000,D,PT Supervision,,,1,2,0
5/15/22,27,,APD,Black,0,0,0,8 - other crimes against a person,2,Robbery,3,Aggrevated battery to a transit employee,,,,,150000,D,EM Unspecified,,,1,2,0
5/15/22,28,,APD,White,0,0,0,9 - other,2,Unlawful possession of child pornography,3,Unlawful possession of child pornography,,,,750,7500,D,,,,1,1,0
2/21/22,17,?,Public,,1,0,0,6 - gun possession (prior record),3,UUW,,Misd - Possession of cannabis,# - Driving,,,,,,,,,2,1,0
5/15/22,26,,APD,White,0,0,0,8 - other crimes against a person,2,Aggrevated battery of a peace officer,2,Aggrevated battery of a peace officer,Misd - Resisting a peace officer,,,,70000,D,EM Unspecified,,,2,4,0
1/10/22,2,,,,0,0,0,8 - other crimes against a person,X,Aggrevated vehicular hijacking,X,Aggrevated kidnapping,X - Aggrevated Vehicular Hijacking,,,1000,,No bond,,,"co-def, check score",2,2,0
1/10/22,10,,,,1,0,0,"5 - gun possession (first time, AUUW class 4)",4,UUW,Misd,Possession of ammunition,,No FOID or CCL,,300,10000,I,EM House arrest,EM,,2,2,0
1/12/22,16,Charles S. Beach II,APD,,0,0,0,"2 - traffic, DUI",,,,,,,,500,5000,D,PT Supervision,PT,,2,1,0
1/20/22,11,Charles S. Beach II,Public,,1,0,0,"5 - gun possession (first time, AUUW class 4)",4,UUW,,4 - AUUW,,No FOID or CCL,,500,5000,D,EM House arrest,EM,,2,2,0
2/20/22,13,Maryam Ahmad,Public,,0,0,0,3 - drug possession (PCS),4,PCS,,,,,,,,,,,,2,1,0
2/20/22,16,Maryam Ahmad,Public,,0,1,0,3 - drug possession (PCS),4,PCS,,,,,Nole,,,,,,,2,3,0
2/20/22,20,Maryam Ahmad,Public,,1,0,0,"5 - gun possession (first time, AUUW class 4)",4,UUW,,,,No FOID or CCL,,,,I,,,,2,1,0
2/20/22,25,Maryam Ahmad,Public,,1,0,0,"5 - gun possession (first time, AUUW class 4)",4,UUW,,,,,,,,,,,,2,1,0
5/15/22,2,,APD,Latino,0,0,0,"2 - traffic, DUI",4,DUI,Misd,DUI,,,,500,8000,D,EM Unspecified,SCAB,,2,3,0
5/15/22,14,,APD,Black,1,0,0,6 - gun possession (prior record),3,UUW,,,,No FOID or CCL,,,5000,D,,,UUW with revoked FOID,2,2,0
5/15/22,19,,APD,Black,1,0,0,6 - gun possession (prior record),3,UUW by a felon,Misd,Resisting a peace officer,,,,500,7000,D,EM Unspecified,,,2,3,0
5/15/22,20,,APD,Black,1,0,1,6 - gun possession (prior record),3,UUW by a felon,,,,,,0,25000,D,EM Unspecified,,,2,4,0
5/15/22,23,,APD,Black,0,0,0,8 - other crimes against a person,3,Aggrevateed battery great bodily harm,,,,,,100,2000,D,EM Unspecified,,,2,4,0
5/15/22,25,,APD,Black,0,0,0,8 - other crimes against a person,2,Aggrevated battery of a peace officer,Misd,Domestic violence,Misd - Resisting a peace officer,,,0,7000,D,EM Unspecified,,,3,,0
1/19/22,5,Charles S. Beach II,No mitigation,,0,0,1,3 - drug possession (PCS),Unknown,PCS,,Warrant,Warrant,,,,,I,,,,3,3,0
1/10/22,15,,,,1,0,0,6 - gun possession (prior record),3,UUW,,,,Convicted of a felony,,0,150000,D,EM House arrest,EM,psa nvca flag and DV score 10 (max),3,3,1
1/12/22,4,Charles S. Beach II,APD,,0,0,0,"7 - property crimes (e.g. burglary, possession of a stolen motor vehicle)",Unknown,Robbery,Unknown,Attempt vehicular hijacking,,,,,100000,D,,,,3,3,0
1/12/22,14,Charles S. Beach II,APD,,0,0,0,"7 - property crimes (e.g. burglary, possession of a stolen motor vehicle)",3,Retail theft,,,,,,,10000,I,,,,3,2,0
1/15/22,4,Maryam Ahmad,Private,,0,0,0,9 - murder,X,1st degree murder,Unknown,UUW,,No FOID or CCL,,,,No bond,,,,3,3,0
1/15/22,16,Maryam Ahmad,Public,,1,0,1,"5 - gun possession (first time, AUUW class 4)",4,UUW,,Warrant,,No FOID or CCL,VOBB,500-1000,100000,D,EM,EM,,3,3,0
1/15/22,18,Maryam Ahmad,Public,,0,0,0,"4 - drug sales (manufacture/delivery, PCS with intent)",3,Manufacture and delivery of cannabis,4,PCS,,,VOBB,0,10000,D,,,,3,2,0
1/17/22,2,Charles S. Beach II,Public,,1,0,0,6 - gun possession (prior record),X,AHC,,,,Convicted of a felony,,400,60000,D,EM,EM,,3,3,0
1/17/22,11,Charles S. Beach II,Public,,1,0,0,"5 - gun possession (first time, AUUW class 4)",4,UUW,,,,FOID no CCL,No background,,,I,,,,3,2,0
1/17/22,16,Charles S. Beach II,Private,,1,0,0,6 - gun possession (prior record),3,UUW,4,PCS,,No FOID or CCL,,500,5000,D,PT Supervision,PT,,3,3,0
1/20/22,17,Charles S. Beach II,Private,,0,0,0,"7 - property crimes (e.g. burglary, possession of a stolen motor vehicle)",2,Theft,,2 - theft,,,,2000,20000,D,EM Unspecified,EM,,3,2,0
2/20/22,18,Maryam Ahmad,Public,,0,0,0,"4 - drug sales (manufacture/delivery, PCS with intent)",4,Manufacture and delivery of cannabis,,,,,,ri,1000,D,,,,3,3,0
2/20/22,34,Maryam Ahmad,Public,,0,1,0,"4 - drug sales (manufacture/delivery, PCS with intent)",1,Manufacture and delivery heroin,,,,,Nole,,,,,,,3,2,0
2/23/22,3,?,Public,,0,0,0,"7 - property crimes (e.g. burglary, possession of a stolen motor vehicle)",Unknown,Retail theft,,,,,,,10000,I,,,,3,3,0
2/23/22,10,?,Public,,1,0,0,"5 - gun possession (first time, AUUW class 4)",4,UUW,,4 - AUUW,,FOID no CCL,,,,,,,,3,3,0
5/15/22,4,,APD,Latino,0,0,0,3 - drug possession (PCS),4,PCS,,,,,,,10000,I,PT Supervision,,No mitigation,3,4,0
5/15/22,16,,APD,Latino,1,0,0,6 - gun possession (prior record),3,UUW by a felon,4,PCS,,,,500,5000,D,PT Supervision,,,3,3,0
5/15/22,17,,APD,Black,1,0,0,6 - gun possession (prior record),3,UUW by a felon,,,,,,500,30000,D,EM Unspecified,,,3,3,0
5/15/22,18,,APD,Latino,1,0,0,6 - gun possession (prior record),3,UUW,,,,No FOID or CCL,,500,5000,D,PT Monitoring,,,3,2,0
1/12/22,13,Charles S. Beach II,APD,,0,0,0,"7 - property crimes (e.g. burglary, possession of a stolen motor vehicle)",3,Identity theft,3,Identity theft,4 - Unlawful posseession of a credit card,,,,10000,I,,,,4,3,0
1/10/22,4,,,,0,0,0,"2 - traffic, DUI",Unknown,Aggravated DUI,,,,,,300,3000,D,PT Supervision,PT,"co-def, check score",4,2,0
1/12/22,2,Charles S. Beach II,APD,,1,0,0,6 - gun possession (prior record),X,AHC,,,,,IDOC Hold,,,No bond,,,,4,4,0
1/12/22,3,Charles S. Beach II,APD,,0,0,0,"7 - property crimes (e.g. burglary, possession of a stolen motor vehicle)",Unknown,Robbery,,,,,,0,10000,D,EM House arrest,EM,,4,3,0
1/15/22,2,Maryam Ahmad,Public,,1,0,0,6 - gun possession (prior record),X,AHC,,,,Convicted of a felony,VOBB,,3000000,D,,,,4,4,0
1/15/22,31,Maryam Ahmad,No mitigation,,0,0,1,,,Warrant,,,,,,,,,,,,4,2,0
1/17/22,8,Charles S. Beach II,Public,,1,0,0,"5 - gun possession (first time, AUUW class 4)",4,UUW,4,Driving with a suspended or revoked license,,FOID no CCL,No background,,,I,,,,4,2,0
1/17/22,27,Charles S. Beach II,No mitigation,,0,0,1,,,Warrant,,,,,,,,,,,,4,2,0
1/19/22,12,Charles S. Beach II,Public,,1,0,0,"5 - gun possession (first time, AUUW class 4)",4,UUW,,,,FOID no CCL,No background,,,I,,,,4,2,0
1/19/22,14,Charles S. Beach II,Public,,1,0,0,"5 - gun possession (first time, AUUW class 4)",4,UUW,,,,No FOID or CCL,No background,200,500,D,No conditions,,,4,2,0
1/19/22,15,Charles S. Beach II,Public,,1,0,0,"5 - gun possession (first time, AUUW class 4)",4,UUW,,,,No FOID or CCL,No background,200,1000,D,,,,4,3,0
2/20/22,29,Maryam Ahmad,Public,,1,0,0,6 - gun possession (prior record),3,UUW,,1 - PCS Crack,,Convicted of a felony,,0,5000,D,,,,4,3,1
5/15/22,12,,APD,Black,1,0,0,"5 - gun possession (first time, AUUW class 4)",4,UUW,Misd,Illegal transport of cannabis,,,VOBB,,20000,D,EM Unspecified,,,4,4,0
5/15/22,21,,APD,Black,1,0,0,6 - gun possession (prior record),3,UUW by a felon,2,Possession of a stolen firearm,,,IDOC Hold,0,80000,D,EM Unspecified,,,4,5,0
2/23/22,18,?,Public,,0,0,1,"7 - property crimes (e.g. burglary, possession of a stolen motor vehicle)",2,Burglary,,# - Damage to property,Warrant,,,0,10000,D,PT Supervision,PT,,5,3,0
1/15/22,30,Maryam Ahmad,No mitigation,,0,0,1,,,Warrant,,,,,,,,,,,,5,4,0
1/15/22,21,Maryam Ahmad,Public,,1,0,0,6 - gun possession (prior record),3,UUW,4,PCS,1 - Unlawful Possession of Ectasy,Convicted of a felony,VOBB,1000,100000,D,EM,EM,max conditions,6,4,0
2/21/22,16,?,Public,,0,0,0,9 - other,4,Reckless discharge,,Misd - simple assault,Misd - resisting peace officer,,,,,,,,,6,4,0
1/12/22,15,Charles S. Beach II,APD,,0,0,0,"7 - property crimes (e.g. burglary, possession of a stolen motor vehicle)",1,Ongoing financial criminal enterprise,3,Retail theft,,,,0,100000,D,PT Supervision,PT,psa violence flag,6,6,1
1/19/22,27,Charles S. Beach II,No mitigation,,0,0,0,3 - drug possession (PCS),1,PCS,,4 - PCS,,,,,,I,,,,6,3,1
5/15/22,5,,APD,Black,0,0,0,3 - drug possession (PCS),4,PCS,,,,,VOBB,100,2000,D,EM Unspecified,,,6,4,1
1/17/22,3,Charles S. Beach II,Public,,0,0,1,"2 - traffic, DUI",Unknown,Aggravated DUI,,Warrant,# - Aggravated DUI,,,300,10000,D,EM,EM,,,,
3/6/22,24,Kelly McCarthy,Public,black,0,0,1,9 - other,Unknown,Escape (EM violation),,Warrant,# - Assault peace officer ,,,ns,40000,D,,,,,,
2/21/22,5,?,Public,,0,0,0,8 - other crimes against a person,Unknown,Aggrevated battery of a peace officer,,# - Agg damage to prop,# - crim trespass to land,,,,30000,D,,,,,,
2/2/22,17,Mary C. Marubio,Public,,1,0,0,"5 - gun possession (first time, AUUW class 4)",4,UUW,,# - no seatbelt,# - no registration,FOID no CCL,,0,,,,,,,,
1/31/22,10,Kelly McCarthy,Public,,0,0,0,"7 - property crimes (e.g. burglary, possession of a stolen motor vehicle)",Unknown,Burglary,,# - Crim tresspass,# - Obstructing identification,,,,3000,D,,,,,,
2/2/22,1,Mary C. Marubio,Public,,1,0,0,6 - gun possession (prior record),X,AHC,,# - Possession of ammunition,# - Resisting,Convicted of a felony,IDOC Hold,1000,,No bond,,,,,,
2/21/22,18,?,Private,,0,0,0,"7 - property crimes (e.g. burglary, possession of a stolen motor vehicle)",2,Possession of a stolen motor vehicle,,2 - Agg fleeing and alluding,# - Speeding,,VOBB,1000,100000,D,EM Unspecified,EM,,,,
2/14/22,13,Maryam Ahmad,Public,,0,0,0,8 - other crimes against a person,2,Aggrevated battery of a peace officer,,2 - Agg Battery to a Peace Officer,2 - Agg Battery to a Peace Officer,,No background,0,3000,D,,,,,,
1/19/22,26,Charles S. Beach II,Public,,0,0,0,"7 - property crimes (e.g. burglary, possession of a stolen motor vehicle)",2,Burglary,,2 - burg,2 - burg,,,0,,I,EM House arrest,EM,,,,
1/17/22,18,Charles S. Beach II,Public,,1,0,0,6 - gun possession (prior record),3,Possession of a firearm with a defaced serial number,4,UUW,2 - P Stolen Firearm,No FOID or CCL,No background,300,5000,D,,,,,,
1/19/22,24,Charles S. Beach II,Public,,1,0,0,6 - gun possession (prior record),2,UUW,,2 - UUW by a Felon,2 - UUW by a Felon,Convicted of a felony,IDOC Hold,300,200000,D,EM House arrest,EM,,,,
1/15/22,1,Maryam Ahmad,Public,,0,0,0,10 - other crimes against a person,X,Armed Violence,4,PCS,3 - M&D Cannabis,FOID and CCL,No background,200,100000,D,EM,EM,,,,
1/20/22,19,Charles S. Beach II,Private,,0,0,0,3 - drug possession (PCS),1,PCS,,4 - AUUW,4 - AUUW,FOID no CCL,No background,3000,10000,D,"PT Supervision, curfew",PT,,,,
4/21/22,17,Charles S. Beach II,Private,Black,0,0,0,"4 - drug sales (manufacture/delivery, PCS with intent)",1,Manufacture and delivery heroin,,1 - MD Cocaine,4 - MD Cannabis,,,250,10000,I,PT Monitoring,PT,,,,
1/12/22,1,Charles S. Beach II,Private,,1,0,0,6 - gun possession (prior record),X,AHC,X,Armed Violence,4 - PCS,Convicted of a felony,IDOC Hold,2500,,No bond,,,,,,
2/20/22,1,Maryam Ahmad,Public,,0,1,0,"4 - drug sales (manufacture/delivery, PCS with intent)",X,Manufacture and delivery heroin,,4 - PCS Heroin,4 - PCS Heroin,,Nole,,,,,,,,,
2/20/22,3,Maryam Ahmad,Private,,0,0,0,9 - other,X,Armed Violence,,4 - Agg assault of a PO (x4),4 - PCS Heroin,,IDOC Hold,ns,3000,D,EM Unspecified,EM,,,,
2/20/22,11,Maryam Ahmad,Public,,0,0,0,3 - drug possession (PCS),4,PCS,,4 - Unlawful PCS,4 - Unlawful PCS,,,500,1500,D,,,,,,
2/7/22,13,Mary C. Marubio,Public,,0,0,0,3 - drug possession (PCS),4,PCS,,A - DUI,A - DV,,,300,5000,D,PT Supervision,PT,,,,
2/20/22,28,Maryam Ahmad,Private,,1,0,0,6 - gun possession (prior record),3,UUW,,Misd - Reckless driving,F - Failure to properly restrain a child,,,1000,320000,D,EM Unspecified,EM,,,,
2/2/22,15,Mary C. Marubio,Public,,1,0,0,"5 - gun possession (first time, AUUW class 4)",4,UUW,,Misd - Possession of cannabis,Misd - Driving on a suspended license,,,0,1500,D,,,,,,
1/20/22,8,Charles S. Beach II,No mitigation,,0,0,0,"2 - traffic, DUI",4,Aggravated DUI,,Misd. - DUI,Misd - Driving on a suspended or revoked license,,,,,I,,,,,,
1/19/22,17,Charles S. Beach II,Public,,1,0,0,"5 - gun possession (first time, AUUW class 4)",4,UUW,,4 - PCS,Misd - Possession of cannabis,No FOID or CCL,No background,300,5000,D,,,,,,
1/10/22,8,,,,0,0,0,3 - drug possession (PCS),4,PCS,Misd,Resisting a peace officer,Misd - Resisting a peace officer,,,0,10000,D,EM Unspecified,EM,,,,
1/12/22,7,Charles S. Beach II,Private,,1,0,0,"5 - gun possession (first time, AUUW class 4)",4,UUW,4,Aggrevated vehicule or concealed weapon,Misd - Resisting a peace officer,No FOID or CCL,IDOC Hold,500,75000,D,PT Supervision,PT,,,,
1/12/22,10,Charles S. Beach II,APD,,1,0,0,9 - other,4,Aggrevated fleeing and alluding,Misd,Resisting a peace officer,Misd - Resisting a peace officer,,,0,100000,D,PT Supervision,PT,,,,
1/15/22,27,Maryam Ahmad,Public,,0,0,0,10 - other crimes against a person,1,Aggrevateed assault great bodily harm,1,Aggrevateed assault great bodily harm,Misd - Resisting a peace officer,,,0,100000,D,,,,,,
1/17/22,17,Charles S. Beach II,Public,,1,0,0,6 - gun possession (prior record),3,UUW,Misd,Resisting arrest,Misd - Resisting Arrest ,Convicted of a felony,IDOC Hold,300,20000,D,EM,EM,,,,
2/14/22,4,Maryam Ahmad,Public,,0,0,0,3 - drug possession (PCS),4,PCS,,Misd - Retail theft,Misd - Retail theft,,,0,3000,D,PT Supervision,PT,,,,
1/17/22,25,Charles S. Beach II,Private,,0,0,0,"1 - traffic, non-DUI",,Driving on sus or rev license,Misd,Domestic battery,Misd - Unlawful entry to a vehicle,,VOBB,500,10000,D,EM,EM,,,,
1/17/22,20,Charles S. Beach II,Public,,0,0,0,10 - other crimes against a person,2,Aggrevated battery of a peace officer,,Misd. - Domestic Battery,Misd. - Battery,,,,30000,D,EM,EM,,,,
1/19/22,19,Charles S. Beach II,Public,,1,0,0,6 - gun possession (prior record),3,UUW,,Misd. - battery,Misd. - battery,Convicted of a felony,,500,5000,D,EM House arrest,EM,,,,
1/19/22,3,Charles S. Beach II,Public,,1,0,0,6 - gun possession (prior record),X,AHC,,2 - UUW by a Felon,Misd. - Driving in a sus license,Convicted of a felony,None,1000,10000,D,EM curfew,EM,,,,
1/19/22,20,Charles S. Beach II,Private,,0,0,0,9 - other,3,Fleeing and attempting to allude,,Misd. - Driving with sus license,Misd. - driving revoked registration,,No background,,15000,D,PT Supervision,PT,,,,
1/17/22,5,Charles S. Beach II,Public,,0,0,0,3 - drug possession (PCS),4,PCS,Misd,DUI,Misd. - Leaving the scene of an accident,,,,5000,D,,,,,,
1/15/22,19,Maryam Ahmad,Private,,1,0,0,6 - gun possession (prior record),3,UUW,4,PCS,Muni - High capacity magazine,Convicted of a felony,VOP,,500000,D,EM,EM,,,,
1/19/22,22,Charles S. Beach II,Public,,1,0,0,6 - gun possession (prior record),2,UUW,,2 - UUW by a Felon,Muni - High capacity magazine,Convicted of a felony,IDOC Hold,500,,No bond,,,,,,
2/20/22,24,Maryam Ahmad,Public,,1,0,0,"5 - gun possession (first time, AUUW class 4)",4,UUW,,Misd - Possession of cannabis,Muni - High capacity magazine,FOID no CCL,No background,0,5000,D,,,,,,
1/27/22,8,Kelly McCarthy,Public,,1,0,0,6 - gun possession (prior record),Unknown,UUW,,# - PSMV,Muni - metal peircing bullets,Convicted of a felony,VOP,200,,No bond,,,,,,
2/21/22,7,?,Public,,0,0,0,"1 - traffic, non-DUI",4,Driving with a suspended or revoked license,,4 - AUUW,Muni - Possession of metal piercing bullets,FOID no CCL,,0,10000,I,,,,,,
1/31/22,19,Kelly McCarthy,Public,,1,0,0,6 - gun possession (prior record),2,UUW,,Traffic violations,PCann,Convicted of a felony,,300,5000,D,,,,,,
1/17/22,24,Charles S. Beach II,Public,,0,0,1,"4 - drug sales (manufacture/delivery, PCS with intent)",1,Manufacture and delivery of heroin,4,PCS,Warrant,,,,10000,I,,,,,,
2/21/22,22,?,Public,,0,0,1,"4 - drug sales (manufacture/delivery, PCS with intent)",1,Manufacture and delivery,,1 - M&D CS,Warrant,,,0,10000,I,EM Unspecified,EM,,,,
2/21/22,26,?,No mitigation,,0,0,1,,,Warrant,,Warrant,Warrant,,,,"10,000 + 15,000 + 3000",D,,,,,,
2/23/22,1,?,Public,,0,0,0,9 - other,X,Armed Violence,,2 - UUW by a Felon,Warrant,Convicted of a felony,,500,150000,D,EM Unspecified,EM,,,,
3/6/22,5,Kelly McCarthy,Private,black,0,0,1,3 - drug possession (PCS),Unknown,PCS Heroin,,# - M&D Heroin,Warrant,,,,10000,D,PT Monitoring,PT,,,,
2/21/22,9,?,Public,,0,0,1,3 - drug possession (PCS),4,PCS,,4 - drug paraphanalia,Warrant (DV),,,0,10000,I,EM Unspecified,EM,,,,
1/19/22,23,Charles S. Beach II,Public,,1,0,0,6 - gun possession (prior record),2,UUW,,X - Reckless discharge of a weapon,X - Attempted murder,Convicted of a felony,VOBB,,,No bond,,,,,,
1/10/22,5,,,,0,0,0,3 - drug possession (PCS),Unknown,PCS Cannabis,,,,,,100,10000,I,,,,,,
1/10/22,6,,,,0,0,0,"7 - property crimes (e.g. burglary, possession of a stolen motor vehicle)",Unknown,Unlawful entry to a vehicle,,,,,,ns,10000,I,,,,,,
1/10/22,7,,,,0,0,0,"7 - property crimes (e.g. burglary, possession of a stolen motor vehicle)",Unknown,Aggrevated possession of a stolen motor vehicle,,,,,VOP,0,50000,D,EM Unspecified,EM,,,,
1/10/22,9,,Public,,1,0,0,"5 - gun possession (first time, AUUW class 4)",4,UUW,,,,FOID no CCL,,0,10000,I,PT Supervision,PT,,,,
1/10/22,12,,Public,,1,0,0,"5 - gun possession (first time, AUUW class 4)",4,UUW,,,,No FOID or CCL,,300,5000,D,PT Supervision,PT,,,,
1/10/22,13,,,,1,0,0,"5 - gun possession (first time, AUUW class 4)",4,UUW,Misd,Resisting a peace officer,,No FOID or CCL,,500,2000,D,EM House arrest,EM,,,,
1/10/22,14,,,,0,0,0,"7 - property crimes (e.g. burglary, possession of a stolen motor vehicle)",4,Retail theft,,,,,,0,10000,I,EM curfew,EM,,,,
1/12/22,5,Charles S. Beach II,,,0,0,0,"2 - traffic, DUI",4,Driving with a suspended or revoked license,Misd,Aggravated DUI,,,,200,25000,D,PT Supervision,PT,,,,
1/12/22,6,Charles S. Beach II,APD,,0,0,0,3 - drug possession (PCS),4,PCS,,,,,VOBB,,5000,D,EM curfew,EM,,,,
1/12/22,8,Charles S. Beach II,APD,,1,0,0,6 - gun possession (prior record),4,UUW,,,,No FOID or CCL,,500,10000,D,,,,,,
1/12/22,9,Charles S. Beach II,APD,,0,0,0,"7 - property crimes (e.g. burglary, possession of a stolen motor vehicle)",4,Retail theft,,,,,,,10000,I,,,,,,
1/12/22,11,Charles S. Beach II,APD,,0,0,1,3 - drug possession (PCS),3,PCS,4,PCS Cannabis,,,,500,25000,D,EM House arrest,EM,,,,
1/12/22,12,Charles S. Beach II,APD,,1,0,1,6 - gun possession (prior record),3,UUW,,,,,VOBB,500,150000,D,PT Supervision,PT,,,,
1/12/22,17,Charles S. Beach II,,,0,1,0,3 - drug possession (PCS),,,,,,,,,,,,,,,,
1/12/22,18,Charles S. Beach II,,,,,,,,,,,,,,,,,,,,,,
1/15/22,3,Maryam Ahmad,Public,,0,0,0,"7 - property crimes (e.g. burglary, possession of a stolen motor vehicle)",X,Aggrevated vehicular hijacking,,,,,No background,0,750000,D,,,,,,
1/15/22,5,Maryam Ahmad,Public,,1,0,0,6 - gun possession (prior record),Unknown,UUW,Misd,Possession of cannabis,,Convicted of a felony,,300,3000,D,PT Monitoring,PT,psa nvca flag,,3,1
1/15/22,6,Maryam Ahmad,Public,,1,0,0,6 - gun possession (prior record),Unknown,UUW,Muni,Weapon on the CTA,,,,1500,5000,D,,,,,,
1/15/22,7,Maryam Ahmad,Public,,0,0,0,8 - robbery,Unknown,Armed robbery,,,,,,,250000,D,,,,,,
1/15/22,8,Maryam Ahmad,Public,,0,0,0,11 - other,4,Fleeing and attempting to allude,2,Possession of a stolen motor vehicle,,,,100,250000,D,EM,EM,,,,
1/15/22,9,Maryam Ahmad,Public,,0,0,0,3 - drug possession (PCS),4,PCS,3,Manufacture and delivery of cannabis,,,,0,5000,D,EM curfew,EM,,,,
1/15/22,10,Maryam Ahmad,No mitigation,,0,1,0,"4 - drug sales (manufacture/delivery, PCS with intent)",4,Manufacture and delivery of cannabis,Muni,Soliciting,,,Nole,,,,,,,,,
1/15/22,11,Maryam Ahmad,Public,,1,0,0,"5 - gun possession (first time, AUUW class 4)",4,UUW,,,,No FOID or CCL,No background,,10000,I,PT Supervision,PT,,,,
1/15/22,12,Maryam Ahmad,Public,,1,0,0,"5 - gun possession (first time, AUUW class 4)",4,UUW,,,,,,300,10000,I,,,,,,
1/15/22,13,Maryam Ahmad,Public,,1,0,0,"5 - gun possession (first time, AUUW class 4)",4,UUW,,,,FOID no CCL,No background,,10000,I,,,,,,
1/15/22,14,Maryam Ahmad,Public,,1,0,0,"5 - gun possession (first time, AUUW class 4)",4,UUW,,,,No FOID or CCL,,300,10000,I,PT Supervision,PT,,,,
1/15/22,15,Maryam Ahmad,Public,,1,0,0,"5 - gun possession (first time, AUUW class 4)",4,UUW,,,,No FOID or CCL,,100,2000,D,PT monitoring,PT,,,,
1/15/22,17,Maryam Ahmad,Public,,0,0,0,"7 - property crimes (e.g. burglary, possession of a stolen motor vehicle)",4,Theft,Misd,Tresspass to real property,,,VOBB,,2000,D,,,,,,
1/15/22,20,Maryam Ahmad,Public,,1,0,0,6 - gun possession (prior record),3,UUW,,,,Convicted of a felony,,300,100000,D,EM,EM,,,,
1/15/22,22,Maryam Ahmad,Public,,1,0,0,6 - gun possession (prior record),3,UUW,,,,Convicted of a felony,,800,90000,D,PT Monitoring,PT,,,,
1/15/22,23,Maryam Ahmad,Private,,0,0,0,"7 - property crimes (e.g. burglary, possession of a stolen motor vehicle)",3,Identity theft,,,,,VOBB,1000,1000,D,PT Monitoring,PT,,,,
1/15/22,24,Maryam Ahmad,Private,,1,0,0,6 - gun possession (prior record),2,UUW,Misd,Unlawful entry to a vehicle,,,IDOC Hold,,150000,D,EM,EM,,,,
1/15/22,25,Maryam Ahmad,Public,,1,0,0,6 - gun possession (prior record),2,UUW,4,Fleeing and attempting to allude,,Convicted of a felony,VOBB,300,500000,D,EM,EM,,,,
1/15/22,26,Maryam Ahmad,Public,,1,0,0,6 - gun possession (prior record),2,UUW,,,,Convicted of a felony,,0,6000,D,EM curfew,EM,,,,
1/15/22,28,Maryam Ahmad,No mitigation,,0,0,1,,,Warrant ,,,,,,,,,,,,,,
1/15/22,29,Maryam Ahmad,No mitigation,,0,0,1,,,Warrant,,,,,,,,,,,,,3,0
1/17/22,1,Charles S. Beach II,Public,,1,0,0,6 - gun possession (prior record),X,AHC,Misd,Driving without a license,,Convicted of a felony,IDOC Hold,1500,50000,D,EM curfew,EM,,,,
1/17/22,4,Charles S. Beach II,Public,,0,0,0,3 - drug possession (PCS),4,PCS,,4 - PCS,,,No background,,,I,,,,,,
1/17/22,6,Charles S. Beach II,Private,,1,0,0,"5 - gun possession (first time, AUUW class 4)",4,UUW,,,,FOID no CCL,No background,,10000,I,,,,,,
1/17/22,7,Charles S. Beach II,Public,,1,0,0,"5 - gun possession (first time, AUUW class 4)",4,UUW,,,,No FOID or CCL,No background,,,I,,,,,,
1/17/22,9,Charles S. Beach II,Public,,1,0,0,"5 - gun possession (first time, AUUW class 4)",4,UUW,,,,FOID no CCL,No background,,,I,,,,,,
1/17/22,10,Charles S. Beach II,Public,,1,0,0,"5 - gun possession (first time, AUUW class 4)",4,UUW,,,,FOID no CCL,No background,,,I,,,,,,
1/17/22,12,Charles S. Beach II,Public,,1,0,0,"5 - gun possession (first time, AUUW class 4)",4,UUW,,Misd - Possession of cannabis,,No FOID or CCL,,300,3000,D,PT Supervision,PT,,,,
1/17/22,13,Charles S. Beach II,Public,,1,0,0,"5 - gun possession (first time, AUUW class 4)",4,UUW,,,,No FOID or CCL,No background,,5000,D,,,,,,
1/17/22,14,Charles S. Beach II,Public,,0,0,1,"7 - property crimes (e.g. burglary, possession of a stolen motor vehicle)",4,Retail theft,,Warrant,,,,0,,I,EM,EM,,,,
1/17/22,15,Charles S. Beach II,Public,,0,0,0,"5 - gun possession (first time, AUUW class 4)",3,Possession of a revoked FOID card,4,UUW,,No FOID or CCL,,,5000,D,PT Supervision,PT,,,,
1/17/22,19,Charles S. Beach II,Public,,1,0,0,6 - gun possession (prior record),3,UUW,,Misd. - Driving on Revoked License,,Convicted of a felony,,0,15000,D,PT Supervision,PT,,,,
1/17/22,21,Charles S. Beach II,Public,,0,0,0,3 - drug possession (PCS),2,PCS,4,PCS,,,,0,,I,PT Supervision,PT,,,,
1/17/22,22,Charles S. Beach II,Public,,0,0,0,"7 - property crimes (e.g. burglary, possession of a stolen motor vehicle)",2,Burglary,,Misd. - Criminal damage to property,,,,0,,I,EM,EM,,,,
1/17/22,23,Charles S. Beach II,Public,,0,0,0,8 - robbery,2,Robbery,,,,,VOBB,0,40000,D,EM,EM,,,,
1/17/22,26,Charles S. Beach II,No mitigation,,0,1,0,,,,,,,,Nole,,,,,,,,,
1/17/22,28,Charles S. Beach II,No mitigation,,0,1,0,,,,,,,,Nole,,,,,,,,,
1/17/22,29,Charles S. Beach II,No mitigation,,0,1,0,,,,,,,,Nole,,,,,,,,,
1/19/22,1,Charles S. Beach II,Public,,1,0,0,6 - gun possession (prior record),X,AHC,,Misd - Resisting a peace officer,,Convicted of a felony,IDOC Hold,500,,No bond,,,,,,
1/19/22,2,Charles S. Beach II,Public,,1,0,0,6 - gun possession (prior record),X,AHC,2,UUW by a felon,,Convicted of a felony,IDOC Hold,1000,100000,D,EM House arrest,EM,,,,
1/19/22,6,Charles S. Beach II,No mitigation,,0,0,0,3 - drug possession (PCS),Unknown,PCS,,,,,,,,I,,,,,,
1/19/22,7,Charles S. Beach II,Public,,0,0,0,"7 - property crimes (e.g. burglary, possession of a stolen motor vehicle)",Unknown,Possession of a stolen motor vehicle,,,,,No background,0,,I,,,,,,
1/19/22,8,Charles S. Beach II,Public,,0,0,0,3 - drug possession (PCS),4,PCS,,,,,No background,,,I,,,,,,
1/19/22,9,Charles S. Beach II,Public,,0,0,0,3 - drug possession (PCS),4,PCS,,Misd. - Drug para,,,IDOC Hold,0,,I,EM Unspecified,EM,,,,
1/19/22,10,Charles S. Beach II,No mitigation,,0,0,0,"4 - drug sales (manufacture/delivery, PCS with intent)",4,Manufacture and delivery of cannabis,,Misd. - Tresspass to property,,,,,,I,,,,,,
1/19/22,11,Charles S. Beach II,Public,,1,0,0,"5 - gun possession (first time, AUUW class 4)",4,UUW,,Misd. - assault,,FOID no CCL,No background,,,I,PT Supervision curfew,PT,,,,
1/19/22,13,Charles S. Beach II,Public,,1,0,0,"5 - gun possession (first time, AUUW class 4)",4,UUW,,Misd - Resisting a peace officer,,No FOID or CCL,No background,200,5000,D,EM curfew,EM,,,,
1/19/22,16,Charles S. Beach II,Public,,0,0,0,"5 - gun possession (first time, AUUW class 4)",4,UUW,,,,No FOID or CCL,No background,500,5000,D,PT Supervision,PT,,,,
1/19/22,18,Charles S. Beach II,Public,,0,0,0,"4 - drug sales (manufacture/delivery, PCS with intent)",3,Manufacture and delivery of cannabis,,,,,,,,I,,,,,2,1
1/19/22,21,Charles S. Beach II,No mitigation,,0,0,0,"4 - drug sales (manufacture/delivery, PCS with intent)",2,Manufacture and delivery of cannabis,,,,,,,,I,PT Supervision,PT,,,,
1/19/22,25,Charles S. Beach II,Public,,1,0,0,6 - gun possession (prior record),2,UUW,,2 - UUW by a Felon,,Convicted of a felony,VOP,,10000,D,EM curfew,EM,,,,
1/19/22,28,Charles S. Beach II,Public,,0,0,0,,,,,,,,,0,,I,PT Supervision,PT,,,,
1/19/22,29,Charles S. Beach II,Public,,0,0,0,,,,,,,,VOBB,100,,I,EM House arrest,EM,,,,
1/19/22,30,Charles S. Beach II,Public,,0,0,0,,,,,,,,,500,40000,D,PT Supervision,PT,,,,
1/20/22,2,Charles S. Beach II,Public,,0,0,0,3 - drug possession (PCS),Unknown,PCS,,,,,,,,I,EM curfew,EM,,,,
1/20/22,3,Charles S. Beach II,No mitigation,,0,0,0,3 - drug possession (PCS),Unknown,PCS,,,,,,,,I,,,,,,
1/20/22,4,Charles S. Beach II,Public,,0,0,0,3 - drug possession (PCS),Unknown,PCS,,# - PCS,,,VOBB,,,I,PT Supervision - curfew,PT,,,,
1/20/22,5,Charles S. Beach II,Public,,0,0,0,"4 - drug sales (manufacture/delivery, PCS with intent)",Unknown,Manufacture and delivery of cannabis,,,,,VOBB,,10000,D,,,,,,
1/20/22,6,Charles S. Beach II,Public,,0,0,0,"1 - traffic, non-DUI",4,Driving with a suspended or revoked license,,,,,,,,I,,,,,,
1/20/22,7,Charles S. Beach II,Private,,0,0,0,"2 - traffic, DUI",4,Aggravated DUI,,,,,,500,,I,PT Monitoring,PT,,,,
1/20/22,9,Charles S. Beach II,No mitigation,,0,0,0,3 - drug possession (PCS),4,PCS Cannabis,,,,,,,,I,,,,,,
1/20/22,12,Charles S. Beach II,Public,,1,0,0,"5 - gun possession (first time, AUUW class 4)",4,UUW,,,,Out of state,,"1,000",10000,D,PT Monitoring,PT,,,,
1/20/22,13,Charles S. Beach II,Public,,1,0,0,6 - gun possession (prior record),3,UUW,,,,FOID no CCL,No background,500,20000,D,EM curfew,EM,,,,
1/20/22,14,Charles S. Beach II,Public,,1,0,0,6 - gun possession (prior record),3,UUW,,,,No FOID or CCL,,300,5000,D,EM curfew,EM,,,,
1/20/22,15,Charles S. Beach II,,,0,0,0,"7 - property crimes (e.g. burglary, possession of a stolen motor vehicle)",3,Theft,,,,,VOBB,500,5000,D,EM House arrest,EM,,,,
1/20/22,16,Charles S. Beach II,Public,,1,0,0,6 - gun possession (prior record),2,UUW,,Misd - Driving with a suspended license,,Convicted of a felony,,500,10000,D,EM curfew,EM,,,,
1/20/22,18,Charles S. Beach II,Public,,0,0,0,"7 - property crimes (e.g. burglary, possession of a stolen motor vehicle)",2,Robbery,,# - Attempted Vehicular Hijacking,,,,0,140000,D,EM House arrest,EM,,,,
1/26/22,1,Kelly McCarthy,Private,,1,0,0,6 - gun possession (prior record),X,AHC,,,,Convicted of a felony,VOP,2000,,No bond,,,,,,
1/26/22,2,Kelly McCarthy,Public,,0,0,0,3 - drug possession (PCS),Unknown,PCS,,,,,VOBB,ri,25000,I,,,,,,
1/26/22,3,Kelly McCarthy,Private,,1,0,0,6 - gun possession (prior record),Unknown,UUW,,,,,,500,5000,D,,,,,,
1/26/22,4,Kelly McCarthy,Public,,1,0,0,6 - gun possession (prior record),Unknown,UUW,,,,Convicted of a felony,,ns,20000,D,PT Monitoring,PT,,,,
1/26/22,5,Kelly McCarthy,Public,,0,0,0,"7 - property crimes (e.g. burglary, possession of a stolen motor vehicle)",Unknown,Possession of a stolen motor vehicle,,,,,,100,1000,D,EM curfew,EM,,,,
1/26/22,6,Kelly McCarthy,Public,,0,0,0,,,,,,,Convicted of a felony,VOBB,ns,400000,C,EM House arrest,EM,,,,
1/27/22,1,Kelly McCarthy,Public,,0,0,0,3 - drug possession (PCS),Unknown,PCS,,,,,,ri,10000,I,,,,,,
1/27/22,2,Kelly McCarthy,Public,,0,0,0,3 - drug possession (PCS),Unknown,PCS,,,,,,200,2000,D,PT Supervision,PT,,,,
1/27/22,3,Kelly McCarthy,Public,,0,0,0,3 - drug possession (PCS),Unknown,Possession of cannabis,,,,,,100,1000,D,PT Monitoring,PT,,,,
1/27/22,4,Kelly McCarthy,No mitigation,,0,1,0,3 - drug possession (PCS),Unknown,PCS,,# Drug paraphanalia,,,Nole,,,,,,,,,
1/27/22,5,Kelly McCarthy,,,0,0,0,"4 - drug sales (manufacture/delivery, PCS with intent)",Unknown,Manufacture and delivery of cannabis,,,,,,ri,,I,,,,,,
1/27/22,6,Kelly McCarthy,,,0,0,0,"4 - drug sales (manufacture/delivery, PCS with intent)",Unknown,Manufacture and delivery heroin,,,,,,0,10000,D,PT Monitoring,PT,,,,
1/27/22,7,Kelly McCarthy,,,0,0,0,"4 - drug sales (manufacture/delivery, PCS with intent)",Unknown,Manufacture and delivery heroin,,,,,,0,25000,D,PT Monitoring,PT,,,,
1/27/22,9,Kelly McCarthy,Private,,1,0,0,6 - gun possession (prior record),Unknown,UUW,,,,,IDOC Hold,"2,000",20000,D,PT Supervision,PT,,,,
1/27/22,10,Kelly McCarthy,Public,,1,0,0,6 - gun possession (prior record),Unknown,UUW,,# - Resisting a peace officer,,,,200,2000,D,,,,,,
1/27/22,11,Kelly McCarthy,Private,,0,0,0,"7 - property crimes (e.g. burglary, possession of a stolen motor vehicle)",Unknown,Possession of a stolen motor vehicle,,,,,VOBB,ns,30000,D,,,,,,
1/27/22,12,Kelly McCarthy,Public,,0,0,0,8 - other crimes against a person,Unknown,Extortion / threatening for protection money,,,,,,,,,,,,,,
1/27/22,13,Kelly McCarthy,,,0,0,0,8 - other crimes against a person,Unknown,Attempt murder,,,,,,,,,,,,,,
1/27/22,14,Kelly McCarthy,Public,,1,0,0,"5 - gun possession (first time, AUUW class 4)",4,UUW,,,,,,0,20000,D,PT Supervision,PT,,,,
1/31/22,1,Kelly McCarthy,No mitigation,,0,0,0,3 - drug possession (PCS),Unknown,PCS,,,,,,,10000,I,,,,,,
1/31/22,2,Kelly McCarthy,No mitigation,,0,1,0,3 - drug possession (PCS),Unknown,PCS,,,,,Nole,,,,,,,,,
1/31/22,3,Kelly McCarthy,No mitigation,,0,1,0,3 - drug possession (PCS),Unknown,PCS,,,,,Nole,,,,,,,,,
1/31/22,4,Kelly McCarthy,No mitigation,,0,0,0,"4 - drug sales (manufacture/delivery, PCS with intent)",Unknown,Manufacture and delivery,,,,,,,10000,I,,,,,,
1/31/22,5,Kelly McCarthy,Private,,0,0,0,"4 - drug sales (manufacture/delivery, PCS with intent)",Unknown,Manufacture and delivery of cannabis,,,,,VOP,ns,10000,I,PT Monitoring,PT,,,,
1/31/22,6,Kelly McCarthy,Public,,1,0,0,6 - gun possession (prior record),Unknown,UUW,,,,Convicted of a felony,,"0, ri",10000,D,,,,,,
1/31/22,7,Kelly McCarthy,Public,,1,0,0,6 - gun possession (prior record),Unknown,UUW,,# - Poss Ammunition,,,,,5000,D,,,,,,
1/31/22,8,Kelly McCarthy,Public,,0,0,0,"7 - property crimes (e.g. burglary, possession of a stolen motor vehicle)",Unknown,Burglary,,,,,,ri,10000,I,EM House arrest,EM,,,,
1/31/22,9,Kelly McCarthy,Public,,0,0,0,"7 - property crimes (e.g. burglary, possession of a stolen motor vehicle)",Unknown,Retail theft,,,,,,ns,1000,D,,,,,,
1/31/22,11,Kelly McCarthy,Private,,0,0,0,8 - other crimes against a person,Unknown,Battery,,# - Theft,,,,ri,10000,I,,,,,,
1/31/22,12,Kelly McCarthy,No mitigation,,0,0,0,8 - other crimes against a person,Unknown,Aggrevated battery,,,,,,,10000,I,,,,,,
1/31/22,13,Kelly McCarthy,Public,,0,0,0,8 - other crimes against a person,Unknown,Aggrevated battery,,,,,,0,10000,D,,,,,,
1/31/22,14,Kelly McCarthy,Public,,0,0,0,8 - other crimes against a person,Unknown,Stabbing,,,,,,"2,000",200000,D,EM Unspecified,EM,,,,
1/31/22,15,Kelly McCarthy,Private,,1,0,0,"5 - gun possession (first time, AUUW class 4)",4,UUW,,# - Poss Cannabis,,FOID and CCL,No background,ri,10000,I,,,,,,
1/31/22,16,Kelly McCarthy,Public,,1,0,0,"5 - gun possession (first time, AUUW class 4)",4,UUW,,Traffic offense,,FOID no CCL,No background,"0, ri",10000,I,,,,,,
1/31/22,17,Kelly McCarthy,Public,,1,0,0,"5 - gun possession (first time, AUUW class 4)",4,UUW,,,,FOID no CCL,No background,100,10000,I,,,,,,
1/31/22,18,Kelly McCarthy,Public,,1,0,0,"5 - gun possession (first time, AUUW class 4)",4,UUW,,Traffic offenses,,No FOID or CCL,No background,500,,,,,,,,
1/31/22,20,Kelly McCarthy,Private,,1,0,0,6 - gun possession (prior record),2,UUW,,,,Convicted of a felony,,"2,500",,,,,,,,
1/31/22,21,Kelly McCarthy,Public,,0,0,1,,,Warrant,,,,,,,,No bond,,,,,,
2/2/22,2,Mary C. Marubio,Private,,1,0,0,6 - gun possession (prior record),X,AHC,,,,,IDOC Hold,2500,25000,D,EM Unspecified,EM,,,,
2/2/22,3,Mary C. Marubio,Private,,0,0,0,"8 - property crimes (e.g. burglary, possession of a stolen motor vehicle)",X,Home invasion,,,,,,500,5000,D,,,,,,
2/2/22,4,Mary C. Marubio,Private,,0,0,0,"9 - property crimes (e.g. burglary, possession of a stolen motor vehicle)",X,Home invasion,,Misd - Assault,,,,500,5000,D,PT Supervision,PT,,,,
2/2/22,5,Mary C. Marubio,No mitigation,,0,1,0,3 - drug possession (PCS),Unknown,PCS,,,,,Nole,,,,,,,,,
2/2/22,6,Mary C. Marubio,Public,,0,0,0,"1 - traffic, non-DUI",4,Driving with a suspended or revoked license,,,,,,100,1000,D,,,,,,
2/2/22,7,Mary C. Marubio,Public,,0,0,0,"1 - traffic, non-DUI",4,Driving with a suspended or revoked license,,,,,,0,1500,D,,,,,,
2/2/22,8,Mary C. Marubio,Public,,0,0,0,3 - drug possession (PCS),4,PCS,,,,,,ns,10000,I,PT Supervision,PT,,,,
2/2/22,9,Mary C. Marubio,Public,,0,0,0,3 - drug possession (PCS),4,PCS,,A - Domestic battery,,,IDOC Hold,0,5000,D,EM House arrest,EM,,,,
2/2/22,10,Mary C. Marubio,Public,,1,0,0,"5 - gun possession (first time, AUUW class 4)",4,UUW,,,,FOID no CCL,,0,10000,I,,,,,,
2/2/22,11,Mary C. Marubio,Private,,1,0,0,"5 - gun possession (first time, AUUW class 4)",4,UUW,,Misd - Agg Assault,,No FOID or CCL,,300,3000,D,,,,,,
2/2/22,12,Mary C. Marubio,Private,,1,0,0,"5 - gun possession (first time, AUUW class 4)",4,UUW,,Misd - Criminal trespass to vehicle,,,,1500,15000,D,,,,,,
2/2/22,13,Mary C. Marubio,Public,,1,0,0,"5 - gun possession (first time, AUUW class 4)",4,UUW,,Misd - resisiting arrest,,No FOID or CCL,,0,5000,D,,,,,,
2/2/22,14,Mary C. Marubio,Public,,1,0,0,"5 - gun possession (first time, AUUW class 4)",4,UUW,,,,No FOID or CCL,,0,3000,D,,,,,,
2/2/22,16,Mary C. Marubio,Public,,1,0,0,"5 - gun possession (first time, AUUW class 4)",4,UUW,,,,No FOID or CCL,,300,3000,D,PT Supervision,PT,,,,
2/2/22,18,Mary C. Marubio,Private,,1,0,0,6 - gun possession (prior record),3,UUW,,# - Obstructed front windshield,,No FOID or CCL,,500,5000,D,,,,,,
2/2/22,19,Mary C. Marubio,Private,,1,0,0,6 - gun possession (prior record),3,UUW,,,,Convicted of a felony,VOP,2000,20000,D,EM curfew,EM,,,,
2/2/22,20,Mary C. Marubio,Public,,0,0,0,"7 - property crimes (e.g. burglary, possession of a stolen motor vehicle)",3,Theft,,,,,,0,10000,I,,,,,,
2/2/22,21,Mary C. Marubio,Public,,0,0,0,"4 - drug sales (manufacture/delivery, PCS with intent)",2,Delivery of a controlled substance,,,,,,ns,10000,I,PT Supervision,PT,,,,
2/2/22,22,Mary C. Marubio,Public,,0,0,0,"7 - property crimes (e.g. burglary, possession of a stolen motor vehicle)",2,Burglary,,,,,,0,,,EM House arrest,EM,,,,
2/2/22,23,Mary C. Marubio,Public,,0,0,0,"4 - drug sales (manufacture/delivery, PCS with intent)",1,Manufacture and delivery of cocaine,,3 - M&D Cannabis,,,VOBB,200,2000,D,,,,,,
2/7/22,1,Mary C. Marubio,Public,,0,0,0,"4 - drug sales (manufacture/delivery, PCS with intent)",X,Manufacture and delivery heroin,,,,,,ns,10000,I,,,,,,
2/7/22,2,Mary C. Marubio,No mitigation,,0,1,0,3 - drug possession (PCS),Unknown,PCS,,# - PCS,,,Nole,,,,,,,,,
2/7/22,3,Mary C. Marubio,Private,,1,0,0,6 - gun possession (prior record),Unknown,UUW,,# - Driving on a suspended license,,Convicted of a felony,VOBB,100,10000,D,EM curfew,EM,,,,
2/7/22,4,Mary C. Marubio,Public,,0,0,0,"2 - traffic, DUI",4,DUI,,# - Knowingly having a fake license,,,,ns,10000,I,,,,,,
2/7/22,5,Mary C. Marubio,Public,,0,0,0,3 - drug possession (PCS),4,PCS Cannabis,,,,,,200,10000,I,PT Supervision,PT,,,,
2/7/22,6,Mary C. Marubio,Public,,0,0,0,3 - drug possession (PCS),4,PCS,,,,,VOBB,ns,10000,I,,,,,,
2/7/22,7,Mary C. Marubio,Public,,0,0,0,3 - drug possession (PCS),4,PCS Cannabis,,,,,,100,10000,I,PT Supervision,PT,,,,
2/7/22,8,Mary C. Marubio,Public,,0,0,0,3 - drug possession (PCS),4,PCS,,,,,,ns,10000,I,PT Supervision,PT,,,,
2/7/22,9,Mary C. Marubio,Public,,0,0,0,3 - drug possession (PCS),4,PCS,,Misd - Possession of drug paraphanalia,,,,ns,10000,I,PT Supervision,PT,,,,
2/7/22,10,Mary C. Marubio,Public,,0,0,0,3 - drug possession (PCS),4,PCS,,,,,,ri,10000,I,PT Supervision,PT,,,,
2/7/22,11,Mary C. Marubio,Public,,0,0,0,3 - drug possession (PCS),4,PCS Cannabis,,,,,,ns,10000,I,,,,,,
2/7/22,12,Mary C. Marubio,Public,,0,0,0,3 - drug possession (PCS),4,PCS,,,,,,60,600,D,,,,,,
2/7/22,14,Mary C. Marubio,Public,,0,0,0,3 - drug possession (PCS),4,PCS,,,,,IDOC Hold,ns,900,D,,,,,,
2/7/22,15,Mary C. Marubio,No mitigation,,0,1,0,3 - drug possession (PCS),4,PCS,,,,,Nole,,,,,,,,,
2/7/22,16,Mary C. Marubio,Public,,1,0,0,"5 - gun possession (first time, AUUW class 4)",4,UUW,,,,No FOID or CCL,No background,100,10000,I,,,,,,
2/7/22,17,Mary C. Marubio,Public,,1,0,0,"5 - gun possession (first time, AUUW class 4)",4,UUW,,3 - Poss of a revoked FOID,,No FOID or CCL,No background,ri,10000,I,,,,,,
2/7/22,18,Mary C. Marubio,Public,,1,0,0,"5 - gun possession (first time, AUUW class 4)",4,UUW,,,,FOID no CCL,No background,ns,10000,I,,,,,,
2/7/22,19,Mary C. Marubio,Public,,1,0,0,"5 - gun possession (first time, AUUW class 4)",4,UUW,,Misd - Resisting,,FOID no CCL,No background,ns,10000,I,,,,,,
2/7/22,20,Mary C. Marubio,Public,,1,0,0,"5 - gun possession (first time, AUUW class 4)",4,UUW,,,,No FOID or CCL,No background,ns,10000,I,,,,,,
2/7/22,21,Mary C. Marubio,Public,,1,0,0,"5 - gun possession (first time, AUUW class 4)",4,UUW,,# - Driving on a sus or revoked,,No FOID or CCL,VOBB,800,30000,D,EM curfew,EM,,,,
2/7/22,22,Mary C. Marubio,Public,,1,0,0,"5 - gun possession (first time, AUUW class 4)",4,UUW,,,,No FOID or CCL,No background,2000,5000,D,,,,,,
2/7/22,23,Mary C. Marubio,Public,,1,0,0,"5 - gun possession (first time, AUUW class 4)",4,UUW,,,,No FOID or CCL,No background,500,5000,D,,,,,,
2/7/22,24,Mary C. Marubio,Public,,1,0,0,"5 - gun possession (first time, AUUW class 4)",4,UUW,,,,No FOID or CCL,No background,500,5000,D,,,,,,
2/7/22,25,Mary C. Marubio,Public,,1,0,0,"5 - gun possession (first time, AUUW class 4)",4,UUW,,,,Convicted of a felony,,ns,5000,D,PT Supervision,PT,,,,
2/7/22,26,Mary C. Marubio,Public,,1,0,0,"5 - gun possession (first time, AUUW class 4)",4,UUW,,,,No FOID or CCL,No background,500,5000,D,,,,,,
2/7/22,27,Mary C. Marubio,Public,,1,0,0,"5 - gun possession (first time, AUUW class 4)",4,UUW,,,,No FOID or CCL,,0,5000,D,,,,,,
2/7/22,28,Mary C. Marubio,Public,,1,0,0,"5 - gun possession (first time, AUUW class 4)",4,UUW,,,,No FOID or CCL,,200,2000,D,,,,,,
2/7/22,29,Mary C. Marubio,Public,,1,0,0,"5 - gun possession (first time, AUUW class 4)",4,UUW,,Muni - Possession of an extended magazine,,No FOID or CCL,No background,ns,3000,D,,,,,,
2/7/22,30,Mary C. Marubio,Public,,1,0,0,"5 - gun possession (first time, AUUW class 4)",4,UUW,,# - PCann,,No FOID or CCL,,500,5000,D,,,,,,
2/7/22,31,Mary C. Marubio,Private,,1,0,0,6 - gun possession (prior record),3,UUW,,# - Speeding,,Convicted of a felony,,1000,10000,D,PT Supervision,PT,,,,
2/7/22,32,Mary C. Marubio,Public,,1,0,0,6 - gun possession (prior record),3,UUW,,# - Failure to keep in lanes,,Convicted of a felony,,500,5000,D,,,,,,
2/7/22,33,Mary C. Marubio,Public,,0,0,0,"4 - drug sales (manufacture/delivery, PCS with intent)",2,Possession with intent to distribute,,,,,VOBB,0,10000,I,PT Supervision,PT,,,,
2/7/22,34,Mary C. Marubio,Public,,1,0,0,6 - gun possession (prior record),2,UUW,,,,Convicted of a felony,VOBB,500,150000,D,,,,,,
2/7/22,35,Mary C. Marubio,Public,,0,0,0,"7 - property crimes (e.g. burglary, possession of a stolen motor vehicle)",2,Attempt vehicular hijacking,,2 - Attempt vehicular theft,,,,0,100000,D,,,,,,
2/10/22,1,Barbara L. Dawkins,Private,,1,0,0,6 - gun possession (prior record),X,AHC,,,,Convicted of a felony,VOBB,,,No bond,,,,,,
2/10/22,2,Barbara L. Dawkins,,,0,0,0,3 - drug possession (PCS),Unknown,PCS,,,,,,ns,,I,,,,,,
2/10/22,3,Barbara L. Dawkins,Private,,0,0,0,"4 - drug sales (manufacture/delivery, PCS with intent)",Unknown,Manufacture and delivery of a look alike substance,,# - Possession,,,,3000,5000,D,,,,,,
2/10/22,4,Barbara L. Dawkins,Public,,1,0,0,6 - gun possession (prior record),Unknown,UUW,,,,FOID no CCL,,500,10000,I,,,,,,
2/10/22,5,Barbara L. Dawkins,Public,,1,0,0,6 - gun possession (prior record),Unknown,UUW,,,,Convicted of a felony,,ns,5000,D,PT Supervision,PT,,,,
2/10/22,6,Barbara L. Dawkins,Public,,1,0,0,6 - gun possession (prior record),Unknown,UUW,,# - PCann,,Convicted of a felony,,300,5000,D,,,,,,
2/10/22,7,Barbara L. Dawkins,Private,,0,0,0,9 - other,Unknown,Official misconduct,,,,,,500,75000,D,,,,,,
2/10/22,8,Barbara L. Dawkins,Public,,0,0,0,"5 - gun possession (first time, AUUW class 4)",4,UUW,,# - PCann,,No FOID or CCL,,0,5000,D,,,,,,
2/10/22,9,Barbara L. Dawkins,Public,,1,0,0,"5 - gun possession (first time, AUUW class 4)",4,UUW,,,,No FOID or CCL,VOBB,500,5000,D,,,,,,
2/10/22,10,Barbara L. Dawkins,,,0,0,0,,,,,,,,,ns,20000,D,,,,,,
2/10/22,11,Barbara L. Dawkins,No mitigation,,0,1,0,,,,,,,,Nole,,,,,,,,,
2/10/22,12,Barbara L. Dawkins,No mitigation,,0,1,0,,,,,,,,Nole,,,,,,,,,
2/14/22,1,Maryam Ahmad,Public,,0,0,0,"10 - property crimes (e.g. burglary, possession of a stolen motor vehicle)",X,Home invasion,,# - Agg battery with a deadly weapon,,,,,,No bond,,,,,,
2/14/22,2,Maryam Ahmad,Private,,0,0,1,8 - other crimes against a person,Unknown,Domestic violence,,Warrant,,,,ri,2000,D,EM Unspecified,EM,,,,
2/14/22,3,Maryam Ahmad,Public,,0,0,0,3 - drug possession (PCS),4,PCS Heroin,,4 - PCrack,,,VOBB,0,3000,D,EM curfew,EM,,,,
2/14/22,5,Maryam Ahmad,Public,,0,1,0,3 - drug possession (PCS),4,PCS,,,,,Nole,,,,,,,,,
2/14/22,6,Maryam Ahmad,Public,,1,0,0,"5 - gun possession (first time, AUUW class 4)",4,UUW,,,,FOID no CCL,,0,,I,,,,,,
2/14/22,7,Maryam Ahmad,Public,,1,0,0,"5 - gun possession (first time, AUUW class 4)",4,UUW,,4 - PCann,,FOID no CCL,,0,,I,PT Monitoring,PT,,,,
2/14/22,8,Maryam Ahmad,Public,,1,0,0,"5 - gun possession (first time, AUUW class 4)",4,UUW,,,,No FOID or CCL,,200,2000,D,PT Supervision,PT,,,,
2/14/22,9,Maryam Ahmad,Public,,1,0,0,"5 - gun possession (first time, AUUW class 4)",4,UUW,,,,No FOID or CCL,No background,300,3000,D,,,,,,
2/14/22,10,Maryam Ahmad,Public,,1,0,0,"5 - gun possession (first time, AUUW class 4)",4,UUW,,,,FOID no CCL,,100,1000,D,,,,,,
2/14/22,11,Maryam Ahmad,Public,,1,0,0,6 - gun possession (prior record),3,UUW,,,,Convicted of a felony,VOBB,ns,300000,D,,,,,,
2/14/22,12,Maryam Ahmad,Public,,0,0,0,"7 - property crimes (e.g. burglary, possession of a stolen motor vehicle)",2,Possession of a stolen motor vehicle,,,,,,,,,,,,,,
2/20/22,2,Maryam Ahmad,Public,,0,0,0,8 - other crimes against a person,X,Attempt 1st degree murder,,2 - Agg domestic battery,,,,1000,200000,D,,,,,,
2/20/22,4,Maryam Ahmad,Private,,0,0,1,9 - other,X,Aggrevated discharge using a silencer,,Warrant,,,No background,,,,,,,,,
2/20/22,5,Maryam Ahmad,Public,,0,1,1,"1 - traffic, non-DUI",Unknown,Traffic offense,,Warrant,,,Nole,,,,,,,,,
2/20/22,6,Maryam Ahmad,Public,,0,0,0,"2 - traffic, DUI",Unknown,DUI,,,,,,300,3000,D,,,,,,
2/20/22,7,Maryam Ahmad,Public,,0,0,0,"7 - property crimes (e.g. burglary, possession of a stolen motor vehicle)",Unknown,Identity theft,,,,,,ri,2000,D,,,,,,
2/20/22,8,Maryam Ahmad,Public,,0,0,0,8 - other crimes against a person,Unknown,Murder,,,,,,8000,,No bond,,,,,,
2/20/22,9,Maryam Ahmad,Public,,0,0,0,3 - drug possession (PCS),4,PCS,,,,,,,,I,EM Unspecified,EM,,,,
2/20/22,10,Maryam Ahmad,Public,,0,0,1,3 - drug possession (PCS),4,PCS,,Warrant,,,VOP,ri,1000,D,,,,,,
2/20/22,12,Maryam Ahmad,Public,,0,1,0,3 - drug possession (PCS),4,PCS,,,,,Nole,,,,,,,,,
2/20/22,14,Maryam Ahmad,Public,,0,0,0,3 - drug possession (PCS),4,PCS,,,,,,,,,,,,,,
2/20/22,15,Maryam Ahmad,Public,,0,1,0,3 - drug possession (PCS),4,PCS,,,,,Nole,,,,,,,,,
2/20/22,17,Maryam Ahmad,Public,,0,1,0,3 - drug possession (PCS),4,PCS,,,,,Nole,,,,,,,,,
2/20/22,19,Maryam Ahmad,Public,,1,0,0,"5 - gun possession (first time, AUUW class 4)",4,UUW,,,,FOID no CCL,,,,I,,,,,,
2/20/22,21,Maryam Ahmad,Private,,1,0,0,"5 - gun possession (first time, AUUW class 4)",4,UUW,,Misd - Resisting a peace officer,,No FOID or CCL,No background,500,5000,D,PT Monitoring,PT,,,,
2/20/22,22,Maryam Ahmad,Public,,1,0,0,"5 - gun possession (first time, AUUW class 4)",4,UUW,,,,No FOID or CCL,,1200,5000,D,,,,,,
2/20/22,23,Maryam Ahmad,Public,,1,0,0,"5 - gun possession (first time, AUUW class 4)",4,UUW,,,,No FOID or CCL,No background,100,1000,D,PT Supervision,PT,,,,
2/20/22,26,Maryam Ahmad,Public,,1,0,0,"5 - gun possession (first time, AUUW class 4)",4,UUW,,,,,,,,,,,,,,
2/20/22,30,Maryam Ahmad,Public,,0,0,0,8 - other crimes against a person,3,Aggrevateed battery great bodily harm,,,,,,200,2000,D,,,,,,
2/20/22,31,Maryam Ahmad,Public,,0,0,0,3 - drug possession (PCS),2,Possession of a schedule 1 or 2 narcotic,,,,,,100,1000,D,,,,,,
2/20/22,32,Maryam Ahmad,Public,,0,0,0,"7 - property crimes (e.g. burglary, possession of a stolen motor vehicle)",2,Possession of a stolen motor vehicle,,4 - PCS,,,,100,1000,D,PT Supervision,PT,,,,
2/20/22,33,Maryam Ahmad,Public,,0,0,0,9 - other,2,Unlawful possession of ammunition by a felon,,# - failure to surrender FOID,,,,20,,I,EM House arrest,EM,,,,
2/20/22,35,Maryam Ahmad,Public,,0,0,1,,,Warrant,,,,,,,,No bond,,,,,,
2/20/22,36,Maryam Ahmad,Public,,0,0,1,,,Warrant,,Warrant,,,,,,No bond,,,,,,
2/20/22,37,Maryam Ahmad,Public,,0,0,1,,,Warrant,,,,,,,,No bond,,,,,,
2/21/22,1,?,Private,,0,0,0,"7 - property crimes (e.g. burglary, possession of a stolen motor vehicle)",X,Armed robbery,,,,,VOBB,,150000,D,,,,,,
2/21/22,2,?,Public,,0,0,0,"7 - property crimes (e.g. burglary, possession of a stolen motor vehicle)",X,Armed robbery,,,,,VOBB,5000,100000,D,EM Unspecified,EM,,,,
2/21/22,3,?,Public,,1,0,0,6 - gun possession (prior record),Unknown,UUW,,,,Convicted of a felony,,500,50000,D,EM Unspecified,EM,,,,
2/21/22,4,?,Public,,1,0,0,6 - gun possession (prior record),Unknown,UUW,,,,No FOID or CCL,,500,30000,D,EM Unspecified,EM,,,,
2/21/22,6,?,Public,,0,0,0,8 - other crimes against a person,Unknown,Strangulation,,1 - att criminal sexual assault,,,,100,50000,D,,,,,,
2/21/22,8,?,Public,,0,0,0,3 - drug possession (PCS),4,PCS,,,,,IDOC Hold,,,I,,,,,,
2/21/22,10,?,Public,,0,0,1,3 - drug possession (PCS),4,PCS,,Warrant,,,,0,10000,I,EM Unspecified,EM,,,,
2/21/22,11,?,Public,,0,0,0,3 - drug possession (PCS),4,PCS,,,,,,,10000,I,,,,,,
2/21/22,12,?,Private,,1,0,0,"5 - gun possession (first time, AUUW class 4)",4,UUW,,,,FOID no CCL,No background,1000,,I,PT Supervision,PT,,,,
2/21/22,13,?,Public,,1,0,0,"5 - gun possession (first time, AUUW class 4)",4,UUW,,,,FOID no CCL,,100,10000,I,PT Monitoring,PT,,,,
2/21/22,14,?,Public,,1,0,0,"5 - gun possession (first time, AUUW class 4)",4,UUW,,4 - PCS,,No FOID or CCL,,,10000,D,,,,,,
2/21/22,15,?,Public,,1,0,0,"5 - gun possession (first time, AUUW class 4)",4,UUW,,,,,,,,,,,,,,
2/21/22,19,?,Public,,0,0,0,8 - other crimes against a person,2,Aggrevated battery of a peace officer,,,,,,0,10000,I,EM curfew,EM,,,,
2/21/22,20,?,Public,,0,0,0,9 - other,2,Violation of sex offenders registery act,,,,,,0,10000,I,EM Unspecified,EM,,,,
2/21/22,21,?,Public,,0,0,0,"4 - drug sales (manufacture/delivery, PCS with intent)",1,Manufacture and delivery of cocaine,,,,,,,10000,I,,,,,,
2/21/22,23,?,Public,,0,0,0,"4 - drug sales (manufacture/delivery, PCS with intent)",1,Manufacture and delivery,,4 - PCS,,,VOBB,0,10000,D,,,,,2,0
2/21/22,24,?,No mitigation,,0,0,1,,,Warrant,,,,,,,,No bond,,,,,,
2/21/22,25,?,Public,,0,0,1,,,Warrant,,,,,,,,No bond,,,,,,
2/21/22,27,?,Private,,0,0,1,,,Warrant,,,,,VOBB,,5000,D,,,,,,
2/21/22,28,?,Public,,0,0,1,,,Warrant,,,,,,,,,,,,,,
2/23/22,2,?,Public,,1,0,0,6 - gun possession (prior record),Unknown,UUW,,,,Convicted of a felony,,,,,,,,,,
2/23/22,4,?,Public,,0,0,0,"1 - traffic, non-DUI",4,Driving with a suspended or revoked license,,,,,,0,10000,I,EM Unspecified,EM,,,,
2/23/22,5,?,,,0,0,0,3 - drug possession (PCS),4,PCS Cannabis,,,,,,,10000,I,PT Supervision,PT,,,,
2/23/22,6,?,Public,,0,0,0,3 - drug possession (PCS),4,PCS Cannabis,,,,,IDOC Hold,200,2000,D,PT Supervision,PT,,,,
2/23/22,7,?,Private,,1,0,0,"5 - gun possession (first time, AUUW class 4)",4,UUW,,,,FOID no CCL,,,10000,I,PT Supervision,PT,,,,
2/23/22,8,?,Public,,1,0,0,"5 - gun possession (first time, AUUW class 4)",4,UUW,,,,,,100,10000,I,PT Supervision,PT,,,,
2/23/22,9,?,Public,,1,0,0,"5 - gun possession (first time, AUUW class 4)",4,UUW,,,,,,500,75000,D,PT Supervision,PT,,,,
2/23/22,11,?,Public,,1,0,0,"5 - gun possession (first time, AUUW class 4)",4,UUW,,,,No FOID or CCL,VOBB,,,,,,,,,
2/23/22,12,?,Public,,0,0,0,"7 - property crimes (e.g. burglary, possession of a stolen motor vehicle)",4,Criminal damage to property,,,,,,0,5000,D,,,,,,
2/23/22,13,?,Private,,1,0,0,6 - gun possession (prior record),3,UUW,,,,No FOID or CCL,,,10000,D,PT Supervision,PT,,,,
2/23/22,14,?,Public,,0,0,0,"7 - property crimes (e.g. burglary, possession of a stolen motor vehicle)",3,Forgery,,,,,,0,3000,D,,,,,,
2/23/22,15,?,Private,,0,0,0,8 - other crimes against a person,3,Aggrevated battery,,,,,,,,,,,,,,
2/23/22,16,?,Public,,1,0,0,6 - gun possession (prior record),2,UUW,,,,Convicted of a felony,,200,2000,D,,,,,,
2/23/22,17,?,Public,,0,0,0,"7 - property crimes (e.g. burglary, possession of a stolen motor vehicle)",2,Burglary,,,,,,0,10000,I,EM Unspecified,EM,,,,
2/23/22,19,?,Public,,0,0,0,3 - drug possession (PCS),1,PCS Heroin,,,,,,,,,,,,,,
2/23/22,20,?,Public,,0,0,0,"7 - property crimes (e.g. burglary, possession of a stolen motor vehicle)",1,Residential burglary,,,,,,0,5000,D,,,,,,
3/6/22,1,Kelly McCarthy,Public,black,1,0,0,6 - gun possession (prior record),X,AHC,,,,Convicted of a felony,,0,75000,D,EM Unspecified,EM,,,,
3/6/22,2,Kelly McCarthy,Public,black,1,0,0,6 - gun possession (prior record),X,AHC,,# - PCann 30 - 100 g,,Convicted of a felony,,,,,,,,,,
3/6/22,3,Kelly McCarthy,Public,black,0,0,0,8 - other crimes against a person,X,1st degree murder,,# - Armed robbery,,,,0,,No bond,,,,,,
3/6/22,4,Kelly McCarthy,Public,latino,0,0,0,3 - drug possession (PCS),Unknown,Possession of cannabis,,,,,,0,10000,I,,,,,,
3/6/22,6,Kelly McCarthy,Public,black,0,0,0,3 - drug possession (PCS),Unknown,PCS,,,,,,0,5000,D,,,,,,
3/6/22,7,Kelly McCarthy,Public,white,0,0,0,3 - drug possession (PCS),Unknown,PCS,,,,,,0,5000,D,,,,,,
3/6/22,8,Kelly McCarthy,Public,black,0,0,0,3 - drug possession (PCS),Unknown,PCS,,Misd reckless conduct,,,VOP,50,2000,D,,,,,,
3/6/22,9,Kelly McCarthy,Private,latino,1,0,0,6 - gun possession (prior record),Unknown,UUW,,,,No FOID or CCL,,1000,10000,D,PT Monitoring,PT,,,,
3/6/22,10,Kelly McCarthy,Public,black,1,0,0,6 - gun possession (prior record),Unknown,UUW,,,,No FOID or CCL,,500,10000,D,,,,,,
3/6/22,11,Kelly McCarthy,Public,black,1,0,0,6 - gun possession (prior record),Unknown,UUW,,,,No FOID or CCL,,250,40000,D,EM Unspecified,EM,,,,
3/6/22,12,Kelly McCarthy,Public,black,1,0,0,6 - gun possession (prior record),Unknown,UUW,,,,Convicted of a felony,IDOC Hold,ns,30000,D,,,,,,
3/6/22,13,Kelly McCarthy,Public,white or latino (surname),1,0,0,6 - gun possession (prior record),Unknown,UUW,,# - Reckless discharge,,No FOID or CCL,,ns,30000,D,EM Unspecified,EM,,,,
3/6/22,14,Kelly McCarthy,Public,black,1,0,0,6 - gun possession (prior record),Unknown,UUW,,X - AHC,,Convicted of a felony,,,40000,D,EM Unspecified,EM,,,,
3/6/22,15,Kelly McCarthy,Public,black,1,0,0,6 - gun possession (prior record),Unknown,UUW,,,,,,0,50000,D,EM Unspecified,EM,,,,
3/6/22,16,Kelly McCarthy,Public,white or latino (surname),1,0,0,6 - gun possession (prior record),Unknown,UUW,,# - PCS,,No FOID or CCL,,ri,5000,D,PT Supervision,PT,,,,
3/6/22,17,Kelly McCarthy,Public,black,1,0,0,6 - gun possession (prior record),Unknown,UUW,,,,,,,20000,D,,,,,,
3/6/22,18,Kelly McCarthy,Public,black,0,0,0,"7 - property crimes (e.g. burglary, possession of a stolen motor vehicle)",Unknown,Burglary,,# - Armed robbery,,,,0,7500,D,EM Unspecified,EM,,,,
3/6/22,19,Kelly McCarthy,Public,black,0,0,0,"7 - property crimes (e.g. burglary, possession of a stolen motor vehicle)",Unknown,Possession of a stolen motor vehicle,,# - Fleeing a police officer,,,,,10000,D,,,,,,
3/6/22,20,Kelly McCarthy,Public,latino,0,0,0,"7 - property crimes (e.g. burglary, possession of a stolen motor vehicle)",Unknown,Burglary,,# - Theft,,,,0,60000,D,,,,,,
3/6/22,21,Kelly McCarthy,Public,black,0,0,0,8 - other crimes against a person,Unknown,Murder,,,,,,,1000000,C,,,,,,
3/6/22,22,Kelly McCarthy,Public,black,0,0,0,8 - other crimes against a person,Unknown,Attempt 1st degree murder of a peace officer,,,,,,,1000000,C,,,,,,
3/6/22,23,Kelly McCarthy,Private,black,1,0,0,9 - other,Unknown,Unlawful sale of a weapon,,,,FOID and CCL,,1000,10000,D,,,,,,
3/6/22,25,Kelly McCarthy,Public,black,0,0,1,9 - other,Unknown,Failure to register,,Warrant,,,,1000,10000,D,,,,,,
3/6/22,26,Kelly McCarthy,Public,latino,0,1,0,9 - other,Unknown,Drinking on the public way,,,,,Nole,,,,,,,,,
3/6/22,27,Kelly McCarthy,Public,black,1,0,0,"5 - gun possession (first time, AUUW class 4)",4,UUW,,,,No FOID or CCL,,,30000,D,EM Unspecified,EM,,,,
3/6/22,28,Kelly McCarthy,Public,black,1,0,1,"5 - gun possession (first time, AUUW class 4)",4,UUW,,Warrant,,No FOID or CCL,VOBB,ns,2000,D,,,,,,
3/6/22,29,Kelly McCarthy,Public,black,1,0,0,"5 - gun possession (first time, AUUW class 4)",4,UUW,,,,,,ns,7500,D,,,,,,
3/6/22,30,Kelly McCarthy,Public,black,1,0,0,"5 - gun possession (first time, AUUW class 4)",4,UUW,,,,No FOID or CCL,,200,5000,D,,,,,,
3/6/22,31,Kelly McCarthy,Public,black,1,0,0,"5 - gun possession (first time, AUUW class 4)",4,UUW,,,,,,,5000,D,EM curfew,EM,,,,
3/6/22,32,Kelly McCarthy,Public,latino,1,0,0,"5 - gun possession (first time, AUUW class 4)",4,UUW,,,,No FOID or CCL,VOBB,100,20000,D,EM Unspecified,EM,,,,
3/6/22,33,Kelly McCarthy,Public,latino,1,0,0,"5 - gun possession (first time, AUUW class 4)",4,UUW,,# - PCS,,No FOID or CCL,,600,10000,D,,,,,,
3/6/22,34,Kelly McCarthy,Public,latino,1,0,0,"5 - gun possession (first time, AUUW class 4)",4,UUW,,,,,VOBB,,40000,D,EM curfew,EM,,,,
3/6/22,35,Kelly McCarthy,Public,black,1,0,0,"5 - gun possession (first time, AUUW class 4)",4,UUW,,,,FOID no CCL,,200,2000,D,,,,,,
3/6/22,36,Kelly McCarthy,Public,black,0,0,1,,,Warrant - PCS,,,,,,,,,,,,,,
3/6/22,37,Kelly McCarthy,Public,black,0,0,1,,,Warrant - PCS,,,,,,,,,,,,,,
3/6/22,38,Kelly McCarthy,Public,latino,0,0,1,,,Warrant,,,,,,,,,,,,,,
4/21/22,1,Charles S. Beach II,Private,Black,0,1,0,"1 - traffic, non-DUI",Unknown,Driving with a suspended or revoked license,,,,,,,10000,I,6p - 6a curfew no device,EM,,,,
4/21/22,2,Charles S. Beach II,Private,Latino,0,0,0,"1 - traffic, non-DUI",Unknown,Driving with a suspended or revoked license,,,,,,,10000,I,PT Monitoring,PT,,,,
4/21/22,3,Charles S. Beach II,Private,Latina,0,0,0,"2 - traffic, DUI",Unknown,DUI,,Misd - driving under the influence of alcohol,,,,,10000,I,PT Supervision,PT,,,,
4/21/22,4,Charles S. Beach II,Private,,1,0,0,6 - gun possession (prior record),Unknown,UUW,,,,,,,,,,,,,,
4/21/22,5,Charles S. Beach II,Private,Latino,0,0,0,"7 - property crimes (e.g. burglary, possession of a stolen motor vehicle)",Unknown,"Damage to government property between 500 and 10,000",,,,,,,5000,D,,,,,,
4/21/22,6,Charles S. Beach II,Private,Black,0,0,1,3 - drug possession (PCS),4,PCS,,,,,,,10000,I,PT Supervision,PT,,,,
4/21/22,7,Charles S. Beach II,Private,Black,0,0,0,3 - drug possession (PCS),4,PCS,,,,,,,10000,I,PT Supervision,PT,,,,
4/21/22,8,Charles S. Beach II,Private,Black,0,0,0,3 - drug possession (PCS),4,PCS,,4 - PCS,,,,,10000,I,PT Supervision,PT,,,,
4/21/22,9,Charles S. Beach II,Private,Black,0,0,0,"4 - drug sales (manufacture/delivery, PCS with intent)",4,Manufacture and delivery of cannabis,,,,,,,10000,I,,,,,,
4/21/22,10,Charles S. Beach II,Private,Black,1,0,0,"5 - gun possession (first time, AUUW class 4)",4,UUW,,,,No FOID or CCL,,500,5000,D,,,,,,
4/21/22,11,Charles S. Beach II,Private,Black ,1,0,0,6 - gun possession (prior record),3,UUW,,3 - MD Cannabis,,,VOBB,0,75000,D,,,,,,
4/21/22,12,Charles S. Beach II,Private,Latino,0,0,0,"7 - property crimes (e.g. burglary, possession of a stolen motor vehicle)",3,Theft,,,,,,,10000,I,None,,,,,
4/21/22,13,Charles S. Beach II,Private,Black,0,0,0,3 - drug possession (PCS),2,Possession of a schedule 1 or 2 narcotic,,,,,,,10000,I,PT Supervision,PT,,,,
4/21/22,14,Charles S. Beach II,Private,Black,0,0,0,3 - drug possession (PCS),2,Possession of a schedule 1 or 2 narcotic,,4 - MD Cannabis,,,,,10000,I,PT Supervision,PT,,,,
4/21/22,15,Charles S. Beach II,Private,Black,0,0,0,"4 - drug sales (manufacture/delivery, PCS with intent)",2,Manufacture and delivery of cannabis,,Misd - Crim tresspass to prop,,,,,10000,I,EM curfew,EM,,,,
4/21/22,16,Charles S. Beach II,Private,Black,1,0,0,6 - gun possession (prior record),2,UUW,,,,No FOID or CCL,,500,5000,D,,,,,,
4/21/22,18,Charles S. Beach II,Private,Latino,0,0,0,"4 - drug sales (manufacture/delivery, PCS with intent)",1,Manufacture and delivery of cocaine,,Misd - Unlawful PCann while driver of vehicle,,,,300,,,,,,,,
5/15/22,1,,APD,Latina,0,0,0,3 - drug possession (PCS),Unknown,PCS,Misd,Resisting a peace officer,,,,,10000,I,,,,,,
5/15/22,3,,Private,,0,0,0,3 - drug possession (PCS),4,PCS,,,,,,,10000,I,PT Supervision,,No mitigation,,,
5/15/22,6,,APD,Black,0,1,1,3 - drug possession (PCS),4,PCS,,,,,,,,,,,,,,
5/15/22,7,,Private,,1,0,0,"5 - gun possession (first time, AUUW class 4)",4,UUW,4,PCS,,,,,100000,D,EM Unspecified,,,,,
5/15/22,13,,APD,Black,1,0,0,"5 - gun possession (first time, AUUW class 4)",4,UUW,Misd,Driving with a suspended or revoked license,,,VOBB,,20000,D,EM Unspecified,,,,,
5/15/22,15,,APD,Black,1,0,0,6 - gun possession (prior record),3,UUW,,,,No FOID or CCL,,,10000,D,EM Unspecified,,,,,
5/15/22,22,,APD,Black,1,0,0,6 - gun possession (prior record),3,UUW with defaced serial number,,,,,,0,90000,D,EM Unspecified,,Prior record not noted (3 bc of serial number),,,
5/15/22,24,,APD,Latino,1,0,0,6 - gun possession (prior record),2,UUW by a felon,Misd,Driving with a suspended or revoked license,,,,,55000,D,EM Unspecified,,,,,
5/15/22,29,,APD,Blark-Latino,0,0,0,"4 - drug sales (manufacture/delivery, PCS with intent)",,Possession with intent to distribute,,,,,,,10000,I,,,,,,
5/15/22,30,,Private,,0,0,1,9 - other,,,,,,,,,,,,,4 warrants,,,
5/15/22,31,,APD,Latina,0,0,1,,,,,,,,,,,,,,,,,
5/15/22,32,,APD,Black,0,0,1,,,,,,,,,,,,,,,,,